<?xml version="1.0" encoding="UTF-8" ?>
<extension type="package" version="3.0">
	<name>Thai Language Pack</name>
	<packagename>th-TH</packagename>
	<version>3.0.2.3</version>
	<creationDate>11.11.2012</creationDate>
	<author>Thai Translation Team</author>
	<authorEmail>tt@joomlacorner.com</authorEmail>
	<authorUrl>www.joomlacorner.com</authorUrl>
	<copyright>Copyright (C) 2005 - 2012 Open Source Matters &amp; JoomlaCorner.com. All rights reserved.</copyright>
	<license>GNU General Public License version 2 or later; see LICENSE.txt</license>
	<url></url>
	<packager>Joomla! Thai</packager>
	<packagerurl>www.joomlacorner.com</packagerurl>
	<description><![CDATA[
		<div align="center">
		<table border="0" width="90%">
		<tr>
			<td width="100%" colspan="2">
				<div align="center">
					<h3>Joomla 3.0 Thai Language Pack by JoomlaCorner Team under Marvelic Engine Co.,Ltd.<br />ภาษาไทยสำหรับจูมล่า 3.0 จากทีมจูมล่าคอร์เนอร์ ภายใต้การสนับสนุนโดยบริษัทมาร์เวลิค เอ็นจิ้น จำกัด</h3>
  		      </div>
  		      <hr />
  		    </td>
  	    </tr>
  	    <tr>
  		    <td width="22%"><u><strong>ประกอบด้วย:</strong></u></td>
  		    <td width="80%">ส่วนของผู้ดูแล (ด้านหลัง) และส่วนของไซต์ (ด้านหน้าเว็บ)</td>
  	    </tr>
  	    <tr>
  		    <td width="22%"><u><strong>เวอร์ชั่น จูมล่า :</strong></u></td>
  		    <td width="80%">3.0</td>
  	    </tr>
  	    <tr>
  		    <td width="22%"><u><strong>เวอร์ชั่น ของไฟล์ภาษา:</strong></u></td>
  		    <td width="80%">3.0.2v3</td>
  	    </tr>
  	    <td width="100%" colspan="2"><hr /></td>
  	    <tr>
  		    <td width="40%"><u><strong>เว็บไซต์จูมล่าคอร์เนอร์ :</strong></u></td>
  		    <td width="60%"><a href="http://www.joomlacorner.com" target="_blank">http://www.joomlacorner.com</a></td>
  		 </tr>
  		 <tr>   
   		    <td width="40%"><u><strong>เว็บไซต์บริษัทมาร์เวลิค เอ็นจิ้น จำกัด :</strong></u></td>
  		    <td width="60%"><a href="http://www.marvelic.co.th" target="_blank">http://www.marvelic.co.th</a></td>
  	    </tr>
  	    <tr>
  		    <td width="100%" colspan="2">
  		      <strong><font color="#008000">ท่านสามารถติดตามข่าวสารและเวอร์ชั่นล่าสุด จากเว็บไซต์ของเราข้างต้น</font></strong>
          </td>
  	    </tr>
      </table>
    </div>]]>
    </description>
	<files>
		<file type="language" client="site" id="th-TH">site_th-TH.zip</file>
		<file type="language" client="administrator" id="th-TH">admin_th-TH.zip</file>
	</files>
    <updateservers>
		<server type="collection" priority="1" name="Accredited Joomla! Translations">http://update.joomla.org/language/translationlist_3.xml</server>
    </updateservers>
</extension>