<?xml version="1.0" encoding="utf-8"?>
<extension type="package" version="3.5" method="upgrade">
	<name>Thai Language Pack</name>
	<packagename>th-TH</packagename>
	<version>3.5.1.1</version>
	<creationDate>2016-04-08</creationDate>
	<author>Thai Translation Team</author>
	<authorEmail>tt@joomlacorner.com</authorEmail>
	<authorUrl>www.joomlacorner.com</authorUrl>
	<copyright>Copyright (C) 2005 - 2016 Open Source Matters &amp; JoomlaCorner.com. All rights reserved.</copyright>
	<license>GNU General Public License version 2 or later; see LICENSE.txt</license>
	<url></url>
	<packager>Joomla! Thai</packager>
	<packagerurl>www.joomlacorner.com</packagerurl>
	<description><![CDATA[
		<div align="center">
		<table border="0" width="100%">
		<tr>
			<td width="100%" colspan="2">
				<div class="alert alert-success center" align="center">
					<h3 class="alert-heading">Joomla 3.5 Thai Language Pack by JoomlaCorner Team <br />under Marvelic Engine Co.,Ltd.<br /><br />ภาษาไทยสำหรับจูมล่า 3.5 จากทีมจูมล่าคอร์เนอร์ <br />ภายใต้การสนับสนุนโดย บริษัท มาร์เวลิค เอ็นจิ้น จำกัด</h3>
  		      </div>
  		      <hr />
  		    </td>
  	    </tr>
  	    <tr>
  		    <td width="40%"><u><strong>ประกอบด้วย :</strong></u></td>
  		    <td width="60%">ส่วนของผู้ดูแล (ด้านหน้าผู้ดูแล) <br />และส่วนของไซต์ (ด้านหน้าเว็บไซต์)</td>
  	    </tr>
  	    <tr>
  		    <td width="40%"><u><strong>เวอร์ชัน จูมล่า :</strong></u></td>
  		    <td width="60%">3.5</td>
  	    </tr>
  	    <tr>
  		    <td width="40%"><u><strong>เวอร์ชัน ของไฟล์ภาษา :</strong></u></td>
  		    <td width="60%">3.5.1v1</td>
  	    </tr>
  	    <td width="100%" colspan="2"><hr /></td>
  	    <tr>
  		    <td width="40%"><u><strong>เว็บไซต์ จูมล่าคอร์เนอร์ :</strong></u></td>
  		    <td width="60%"><a href="http://www.joomlacorner.com" target="_blank">http://www.joomlacorner.com</a></td>
  		 </tr>
  		 <tr>
   		    <td width="40%"><u><strong>เว็บไซต์ บริษัท มาร์เวลิค เอ็นจิ้น จำกัด :</strong></u></td>
  		    <td width="60%"><a href="http://www.marvelic.co.th" target="_blank">http://www.marvelic.co.th</a></td>
  	    </tr>
  	    <tr>
  		    <td width="100%" colspan="2">
  		      <strong><font color="#008000">ท่านสามารถติดตามข่าวสารและเวอร์ชันล่าสุด จากเว็บไซต์ของเราข้างต้น</font></strong>
          </td>
  	    </tr>
      </table>
    </div>]]>
    </description>
	<files>
		<file type="language" client="site" id="th-TH">site_th-TH.zip</file>
		<file type="language" client="administrator" id="th-TH">admin_th-TH.zip</file>
	</files>
    <updateservers>
		<server type="collection" priority="1" name="Accredited Joomla! Translations">http://update.joomla.org/language/translationlist_3.xml</server>
    </updateservers>
</extension>
